[
  {
    "user": {
      "username": "tony",
      "avatar": "Owl",
      "name": "Tony Lee"
    },
    "datetime": "2022-01-01T01:00:00.000Z",
    "content": "Hi, welcome to the chatroom!"
  },
  {
    "user": {
      "username": "hey",
      "avatar": "Panda",
      "name": "jin"
    },
    "datetime": "2023-11-11T14:05:45.918Z",
    "content": "ddssdsf"
  },
  {
    "user": {
      "username": "hey",
      "avatar": "Panda",
      "name": "jin"
    },
    "datetime": "2023-11-11T14:05:47.626Z",
    "content": "fdggg"
  }
]