{
  "tony": {
    "avatar": "Owl",
    "name": "Tony Lee",
    "password": "$2b$10$Yxb2fSgA5RFn9Oz9TxjLLuve/GiPXCs2DWVFhyFDr4qz39qglwp8e"
  },
  "may": {
    "avatar": "Rabbit",
    "name": "May Wong",
    "password": "$2b$10$gLc3Ri9W6P650EKKbexw6uvirV8Bar7gmvAtMcoMiPiR3rsY50GVu"
  },
  "so": {
    "avatar": "Hamster",
    "name": "jin",
    "password": "$2b$10$TjEMrSSDbconpw1qVCULau6Y/AYm9VwX0CBeLzUKenKBAttPlJxyi"
  },
  "hey": {
    "avatar": "Panda",
    "name": "jin",
    "password": "$2b$10$nsqLifeXJ0R5X9M7JpW/E.n798B2Mf5k83mKGi69LRjjM/mn1r022"
  }
}